thematic_area;cluster;keyword;text
paese;media;stampa;Pd contro la libertà di stampa fa identificare i giornalisti / Politica - Nuovo Paese Sera http://t.co/caN4ELHbXf #vogliamovedervidacasa
cura;media;stampa;Online su #modasapienza la rassegna stampa di oggi, a cura di Mariassunta Di Biasio .
;;;#Parigi #ViktoreRolf... http://t.co/MaqWz0H6yH
piazza;minori;ragazza;Ragazza rapinata smartphone piazza Meda Milano, ancora una donna aggredita: Le ha strappato i cellulare di man... http://t.co/tBNwZdBrun
sangue;generiche;speranze;#Sigueme #Followme "Tre anni dopo, le nostre speranze finite nel sangue" http://t.co/rFALkpZjjr
frana;ambiente e animali;neve;Maltempo, frana blocca il traffico per la Francia. Allerta meteo, in arrivo neve e pioggia http://t.co/kyTcg1cTsL
festa;religione;san;Oggi, festa di San Francesco di Sales, patrono dei giornalisti. Auguri a tutti i colleghi http://t.co/4gDW1Q8iSX
casa;generiche;ricordi;RT @NemoSud: Simone rientra a casa lasciando nl ns cuore tantissimi ricordi da conservare Come questo! @MGCucinotta #stoconNemoSud http://t
frana;media;notizie;#Notizie \f1 \uc0\u9642 \f0 Maltempo, frana blocca il traffico per la Francia. Allerta meteo, in arrivo neve e pioggia: Nuova a... http://t.co/1mfhxt5h7N
verità;scienza ed etica;scienza;"RT @StefanoRocca59: @mariamontessor3 ""Su cosa dovremmo essere realisti?"" #Filosofia #Scienza #Realtà #Verità #Realismo #Raimondi http://"
banche;economia e mercati;euro;RT @Mario_Giagnori: Siamo in crisi.
;;;7,5 miliardi di euro regalati a banche e assicurazione.
;;;Lacrime e sangue. Degli altri.
fiducia;stato ed istituzioni;parlamento;Decreto Imu-Banca d'Italia. 45 giorni in Senato e alla Camera hanno messo la fiducia. Parlamento svuotato della funzione legislativa #M5S
legge;società e beneficienza;conflitto;L'idea nuova di #Letta: la legge sul conflitto d'interesse. Magari quello dei suoi banchieri al governo che si stanno regalando #Bankitalia
festa;generiche;occasione;STASERA lo Snoopy vi presenta l'unica e vera festa ufficiale #GreyGoose !! In occasione dell'evento i tavoli che... http://t.co/GMLIx6WCrG
politica;generiche;sistema;@patriziamuresu Lui conosce il sistema di come vendersi in politica per vivere da parassita.
battaglia;famiglia;matrimonio;Come si vince la battaglia per il matrimonio egualitario? http://t.co/VYtmQ7RaQW
miliardi;economia e mercati;banche;RT @GiangioTheGlide: Vi interessa sapere che il #Pd regalerà 7,5 miliardi di euro alle banche? http://t.co/J0s7LNEnzy #DiBattista #M5s #ser
governo;media;notizia;Siria: smentita la notizia precedente: regime Damasco, no a governo di transizione
errore;stato ed istituzioni;pd;Franceschini, errore reintrodurre preferenze Alfano: 'Servono, mi appello al Cav': Minoranza Pd boccia liste b... http://t.co/ONHsglyBSZ
governo;stato ed istituzioni;ministro;Scuola: ministro@MC_Carro , Costituente sia inserita in patto Governo 2014
scuola;religione;san;''A San Valentino,falla sentire amata,rendila profumata'' no ma dimmelo esimioautore,alla scuola di baciperugina ti hanno pure dato la lode?
causa;società e beneficienza;rapporto;Maledetto rapporto causa affetto.
commissione;economia e mercati;affari;CGIL: RIFORMA ELETTORALE, DUBBI COSTITUZIONALITA' SU TESTO BASE PRESENTATO COMMISSIONE AFFARI COSTITUZIONALI CAMERA http://t.co/uFPLNvBOtw
piazza;prelati;preti;RT @LuisellaSaro: #davedere
;;;
;;;"@gditom:
;;;Preti ortodossi pregano in piazza a #Kiev tra i manifestanti e la polizia.
;;;http://t.co/Pyj6Dpfwdp vi
governo;crimini e diritto;legge;Solo il 52% delle legge promulgate dal governo Monti ha avuto attuazione.
;;;Nemmeno Goldrake cambia il Paese.
lavoro;generiche;mondo;Lombardia,cosa chiedono le imprese ai giovani che entrano nel mondo del lavoro http://t.co/hN8FMW4d5F via @labissa2
euro;economia e mercati;finanza;Guardia di finanza: omesso versamento delle imposte. Sequestrati beni per 660.000,00 euro a due... http://t.co/ILFFCfGz5O
congresso;minori;ragazzi;"RT @chiara_meazza: #ff per i miei, per noi @futuredem, che domani a Roma col primo congresso diventano grandi;)"
;;;Buona strada ragazzi!
relazione;stato ed istituzioni;presidente;Qui Radio Londra: #Giustizia, la relazione integrale del primo presidente della #Cassazione #Santacroce http://t.co/nutanHCYTj
interesse;società e beneficienza;lavoro;#RdPgen14 i vincoli alla crescita Usa: forza del $, tassi di interesse in rialzo, lento riassorbimento dell'offerta potenziale di lavoro
contro;religione;ateo;Non-fotografia libera e aperta al dubbio, a-fotografia dogmatica e contro. Un po' come agnostico e ateo. Ma un tweet è poco.
;;;@ScuolaPhotoVR
miliardi;scienza ed etica;sangue;Siamo in crisi.
;;;7,5 miliardi di euro regalati a banche e assicurazione.
;;;Lacrime e sangue. Degli altri.
paese;stato ed istituzioni;berlusconi;RT @IlMattinale: Processo #RubyTer non fermerà Silvio Berlusconi nella sua missione di libertà e rinnovamento del Paese. Se lo ricordino tu
pubblico;società e beneficienza;servizio;"RT @Serv_Pubblico: Guarda l'intervento di Alessandro Di Battista, M5S, a Servizio Pubblico. Qua: --&gt; http://t.co/lpYPlncHyH http://t.co/zLw"
contro;ambiente e animali;naturale;Dall'Inghilterra arriva Semenax, l'aiuto naturale contro l'infertilità maschile http://t.co/vA9f9YkAuw
fiducia;società e beneficienza;gruppi;.@gennaromigliore: la fiducia su Bankitalia serve per fare cassa. E lo Stato farà un regalo smisurato ai gruppi bancari
casa;società e beneficienza;tasse;"RT @tribuna_treviso: #imu #tasse #imposte #casa a Santa Lucia di Piave il sindaco paga #miniIMU per tutti LEGGI--&gt; http://t.co/9xE8TaJzQH"
lavoro;stato ed istituzioni;australia;Questa e' una delle pochissime occasioni per poter partire per l'Australia con gia' un #lavoro in mano http://t.co/OcGwNxonrx
contro;scienza ed etica;morte;@repubblicait Sono contro alla pena di morte ma lo sforzo che faccio per non sputargli addosso e torturali è immane. Isoliamo l'India
medicinali;media;libri;Libri: Guida alle piante medicinali
;;;http://t.co/jfHcWONb8c
giustizia;società e beneficienza;auto;"Rc Auto, Commissione giustizia fa a pezzi la riforma: ""Sembra scritta da Unipol"" - Il Fatto http://t.co/rmDvp8wKqr via @fattoquotidiano"
banche;stato ed istituzioni;m5s;Vi interessa sapere che il #Pd regalerà 7,5 miliardi di euro alle banche? http://t.co/J0s7LNEnzy #DiBattista #M5s #serviziopubblico
giustizia;stato ed istituzioni;usa;Il Dipartimento di Giustizia Usa potrebbe accettare l'ipotesi di patteggiamento per PokerStars e i suoi... http://t.co/l51JEEixeg
costruzione;stato ed istituzioni;italia;La costruzione del Colombus Classic, superyacht di 68m, sta procedendo presso il Cantiere Palumbo in Italia. il... http://t.co/qXpWbTlEpO
contro;stato ed istituzioni;presidente;"Franceschini: ""no alle preferenze"". Ministro contro il presidente del consiglio e con il segretario. #èsalitosulcarro"
giornata;generiche;memoria;"#castrovillari Nella giornata della ""Memoria"" le celebrazioni del Patrono della città di Castrovillari http://t.co/vfFCaIuFIh"
legge;stato ed istituzioni;europa;Dalla legge elettorale al ruolo dell'Italia in questa Europa, attraverso le parole di chi conosce bene il... http://t.co/gbjwovDr6v
crisi;economia e mercati;valutaria;RT @pasquale_rossi: #Argentina @AdviseOnly 1999 Argentina si pose in una trappola valuta-crescita-debito oggi rischia crisi valutaria http:
adozioni;società e beneficienza;aiuto;Da oggi @ilfigliodiserra cerca adozioni sulla TL (ma si accontenta anche di un po' di aiuto per i compiti di latino)
governo;religione;san;SAN MARINO. Piccolo scivolone in Consiglio da parte del Governo. L'inciampo è arrivato sull'Istanza che chiedeva... http://t.co/EWGBxAPFcG
scuola;minori;bambini;RT @enzob_moretti: A Scuola, A Roma, grazie all'#UNAR fanno usare rossetto a bambini maschi. Cioè per proteggere omo, traumatizziamo etero!
adottare;minori;bambino;voglio adottare un bambino a distanza, voglio farlo sorridere e renderlo libero
lavoro;economia e mercati;economia;Paradigma diverso di economia sociale: non sacrifica lavoro per redditività
euro;generiche;proposta;Montesilvano, proposta tariffa di soggiorno per le strutture alberghiere: Costerà fino 5 a euro, Confcommercio... http://t.co/0ZvPCwVIUK
pubblico;economia e mercati;crescita;@KosJak_ il debito pubblico, la crescita della spesa pubblica, stiamo pagando oggi i debiti di quegli anni @indivanados @lddio
fiducia;stato ed istituzioni;pd;RT @ebbyit: Il #PD di @matteorenzi voterà la fiducia al decreto #bankitalia che regalerà 7,5 MLD dei cittadini alle banche.
;;;
;;;"Dite: ""grazie "
dubbi;stato ed istituzioni;pdl;@FrancescaCose beh se confronti #m5s con i delinquenti di #pd o #pdl (che altro serve x capirlo?) i dubbi svaniscono all'istante.
fiducia;economia e mercati;banca;RT @emanuelapatti: Si svendono palazzi, piazze e banca nazionale e per fare questo stanno elemosinando la fiducia al parlamento, ostaggio d
milioni;economia e mercati;euro;"Gdf sequestra 4 milioni di euro di beni alla ""cricca"" Balducci http://t.co/vbFWb6DLct"
accoglienza;stato ed istituzioni;pd;"RT @Deputatipd: @robersperanza ""#immigrati, #asilo e accoglienza, servono #politiche comuni"" #PD #opencamera http://t.co/Xi1ZANQ4a4"
servizio;media;tv;La mia intervista a "Servizio Pubblico" http://t.co/VsYN4BmuiL via @gadlernertweet Una prova che @gadlernertweet dovrebbe tornare a fare Tv
speranza;generiche;mondo;RT @elle490: Sono sconvolta, un solo TT sul bimbo alcolista e nemmeno fra i primi ?! Che ci sia veramente speranza per il mondo ?!
dubbi;economia e mercati;euro;'93Un euro, quanto costa un caffè a Paesana, vale ben poco. Un caffè molto di più": il "Papiro" replica ai dubbi... http://t.co/0Bxrf4otem
effetto;stato ed istituzioni;repubblica;Si possono adottare i collegi uninominali tipo senato e province della I° Repubblica L'effetto è lo stesso della lista bloccata
accusa;sport e giochi;calcio;Maxi evasione "Sapri calcio" Sotto accusa 81 persone: http://t.co/CqI9rUFzVN
banche;stato ed istituzioni;governo;RT @Gallinella_F: #M5S DENUNCIA IN AULA IL GOVERNO CHE FA UN REGALO AGLI AZIONISTI DELLE #BANCHE PRIVATE AUMENTANDO IL RENDIMENTO PAGANDOLO
presidente;stato ed istituzioni;pd;Daw Blog - CIVATI: "Io presidente del #PD? Per la mia incolumità preferirei di no" http://t.co/Ue35ZnZ3PS @daw_blog
fiducia;stato ed istituzioni;pd;Il #PD di @matteorenzi voterà la fiducia al decreto #bankitalia che regalerà 7,5 MLD dei cittadini alle banche.
;;;
;;;"Dite: ""grazie #RENZI"""
;;;#m5s
decisione;scienza ed etica;vita;Per il risarcimento da "lesione della vita" non resta che la decisione delle sezioni Unite http://t.co/3zfbihLsfl
notizia;crimini e diritto;giustizia;"RT @Gabrymalvagia: @fabiobologna07 @alicestregatta @hele_fr @StellaMartina2 Dare la notizia""niente giustizia"" senza specificare, è fare fal"
giovani;società e beneficienza;automobile;Il Master sull'Automobile giunto alla VIII edizione è rivolto alla selezione e alla formazione di giovani... http://t.co/RCQTmzkG3j
diritti;omosessualità;omosessuali;A #Terni nasce il Gruppo #AGEDO Associazione #Genitori di #Omosessuali #diritti #omofobia http://t.co/7w7iERZCDv via @tuttoggi
verità;scienza ed etica;scienza;"@ftribotti ""Su cosa dovremmo essere realisti?"" #Filosofia #Scienza #Realtà #Verità #Realismo #Raimondi http://t.co/kyv3HrgYa5"
operazione;stato ed istituzioni;polizia;Dalle prime ore di questa mattina la Polizia di Stato sta coordinando un'operazione anticrimine atta a... http://t.co/gASiFDqdjN
unione;stato ed istituzioni;unione europea;10 grandi vantaggi dell'essere nell'Unione Europea: 10 grandi vantaggi dell'essere nell'Unione Europea
;;;Epì Pai... http://t.co/vHF86bAADl
bambini;società e beneficienza;società;RT @Michiamoaurora_: "Ti accorgi di essere in una società di merda quanto senti dei bambini dire "Chi arriva ultimo è gay"."
terrorismo;sport e giochi;olimpiadi;L'ombra del terrorismo sulle #Olimpiadi di #Sochi2014 http://t.co/B2Rc9D3577
morte;società e beneficienza;servizio;RT @popoloviola: Tornano in servizio gli agenti condannati per la morte di Federico Aldovrandi http://t.co/dSxKuvE5QH
rispetto;ambiente e animali;pianeta;"@fedeju93 fedal ;) poi vabe secondo me loro due sono di un altro pianeta rispetto agli altri e rispetto a djokovic..come atteggiamento anche"
santa;società e beneficienza;eventi;#Forlì #eventi #spettacoli #società Vecchie glorie e irresistibili tormentoni sul palco del Santa Rita http://t.co/mNyQ3UErr9
unione;media;notizie;#notizie #news Carpi, il Comune cerca un dirigente: L'Unione delle Terre d'Argine, ente dele... http://t.co/iR1Hgdw9dI #italy #carpi #in
studio;minori;ragazza;oggi due ore di recuperi di italiano in gruppo. la ragazza che è in gruppo con me non c'è quindi cazzeggio e studio arte, lol.
giornata;religione;santo;RT @anicec2013: Monsignor Celli e la nostra Chiara Giaccardi hanno presentato il messaggio dl Santo Padre per la Giornata... http://t.co/by
contro;famiglia;famiglia;#Schumacher in condizioni stabili, e la famiglia si scaglia contro le speculazioni della http://t.co/bcBEQP2UQy
papa;famiglia;famiglia;#Papa: Non è un problema se a volte volano i piatti in famiglia, nelle comunità, nei quartieri. L'importante è cercare presto la pace
processo;stato ed istituzioni;berlusconi;RT @IlMattinale: Processo #RubyTer non fermerà Silvio Berlusconi nella sua missione di libertà e rinnovamento del Paese. Se lo ricordino tu
evento;sport e giochi;sport;#sport Domani ad Assago all'evento mondiale di #muaythai #RingWar anche la 32enne di #Nave Barbara Bontempi http://t.co/HZBdGXnHHp
giornata;stato ed istituzioni;pd;#governo #pd avviso ai naviganti il #renzi di giornata esterna a #virusrai2.....la polemica vien di notte
articolo;sport e giochi;tennis;One Button Sports: Tennis e Super Ski a portata di tasto su Play Store: Leggi l'articolo http://t.co/jwYx9AzIZU
cultura;generiche;importanza;@bbruzziches L'#artigianato è #cultura. #Altaroma è una vetrina nel #mondo per raccontarne il #senso e l'#importanza
banche;economia e mercati;euro;Siamo in crisi.
;;;7,5 miliardi di euro regalati a banche e assicurazione.
;;;Lacrime e sangue. Degli altri.
proposta;economia e mercati;euro;Montesilvano, proposta tariffa di soggiorno per le strutture alberghiere: Costerà fino 5 a euro, Confcommercio... http://t.co/0ZvPCwVIUK
conoscenza;stato ed istituzioni;parlamento;@GiuliaGrilloM5S @carlosibilia @EnricoLetta @RebelEkonomist Non si va in #Parlamento senza conoscenza ed esperienza come voi. #grillo #m5s
crisi;società e beneficienza;fame;RT @Affaritaliani: Roma choc: due morti di fame Vivevano di stenti ormai da mesi: LA CAPITALE DELLA CRISI. Il primo cadavere, un ... http:/
energia;società e beneficienza;società;Offerta di lavoro: RICERCA AGENTI ENERGIA ELETTRICA E GAS: Parma - Primaria società nel mercato libero dell'en... http://t.co/19eG3gY17A
centro;crimini e diritto;bomba;Bomba artigianale nel centro di Roma - Da Voceditalia.it http://t.co/EJx5wXYD96
lavoro;stato ed istituzioni;asia;@romperis @UKinItalia l'unico particolare che sfugge è che i consumatori a migliaia di Km siamo noi ed il lavoro si crea in Asia...
cura;crimini e diritto;giudice;#Stamina, il giudice che ha autorizzato la cura "C'era il via libera di medici e comitato etico" http://t.co/XXY3FmdNuS
contro;società e beneficienza;amore;"RT @TweetComici: ""Il fumo uccide."""
;;;
;;;"""No, l'amore uccide."""
;;;
;;;AVETE MAI PROVATO A SBATTERE IL MIGNOLO DEL PIEDE CONTRO AD UN MOBILE? QUELLO SI
presidente;stato ed istituzioni;italia;Che futuroper le scuole di #architettura in Italia. Lo chiediamo a Prof. Adriano Ghisetti Giavarina, Presidente... http://t.co/iY0PhfpXlf
presidente;sport e giochi;mondiali;RT @parallelecinico: Forse Minucci sarà il nuovo presidente della Lega Basket. Visto che dobbiamo rubare la wild card per i mondiali, mi...
miliardi;scienza ed etica;sangue;RT @Mario_Giagnori: Siamo in crisi.
;;;7,5 miliardi di euro regalati a banche e assicurazione.
;;;Lacrime e sangue. Degli altri.
natura;società e beneficienza;gruppo;V'immagino tutti assidui frequentatori di forum musicali in cui dibattete sulla natura ideologica di questo o quel gruppo.
giornata;media;immagini;Nevica in Appennino, le immagini, quota neve ancora in calo in giornata (centrometeoitaliano.it) http://t.co/HMjMJrFZGM
stampa;società e beneficienza;code;Speciale RAI2 su SAVE THE DOGS, alla cui Associazione vengono devolute le royalty del libro Code di Stampa -... http://t.co/v9CMOebs4X
scuola;stato ed istituzioni;repubblica;Repubblica Firenze: Emanuele che andava a scuola in bus sordo profondo, multato dai controllori http://t.co/ZbAWOeJngt
piazza;economia e mercati;affari;As Roma: arriva Feng e vola in borsa: MILANO, 24 GEN - Si scalda l'As Roma a Piazza Affari
;;;dopo le nuove indis... http://t.co/jNIZdPKw2M
giovani;generiche;mondo;Lombardia,cosa chiedono le imprese ai giovani che entrano nel mondo del lavoro http://t.co/hN8FMW4d5F via @labissa2
mercato;famiglia;famiglia;RT @estartup_it: #StartUp News: Mercato libero energia: scopri i vantaggi - Non solo benefici in bolletta: una famiglia pu \f1 \uc0\u65533 \f0 ... http://t.co/
commercio;stato ed istituzioni;pd;#Politica non e' commercio di voti da 30 anni ma onestà, contenuti, partecipazione informata e consapevole! Basta con il letame! #M5S #PD
misure;stato ed istituzioni;europa;Gli italiani si lamentano dell'euro e delle misure di austerità che l'Europa ci impone, vorrò vedere cosa faranno... http://t.co/5Nddh4MlKd
successo;società e beneficienza;film;NEWS.
;;;
;;;Il film #Cloud9, andato in onda venerdì 17 su Disney Channel, ha avuto un gran successo. Ha avuto... http://t.co/wtrBDdMCGa
comunicazione;economia e mercati;credito;Il Credito Cooperativo torna in Comunicazione. Da domenica 26 gennaio si avvierà la nuova Campagna "Ci siamo!"... http://t.co/e5JkOkk0hP
ragazza;media;notizia;buona notizia: gli sono passata vicinissima per tre volte e ci siamo sfiorati.
;;;cattiva notizia: ho visto la sua ragazza, vado ad ammazzarmi.
nucleare;stato ed istituzioni;usa;Hagel ordina il riesame completo dell'arsenale nucleare USA http://t.co/7y1HknEBpz
contro;sport e giochi;calcio;"Qual è il ricordo più bello legato al calcio? ""L'esordio a San Siro in #CoppaItalia contro la @officialsslazio"" #intervistaCalvano"
esercito;crimini e diritto;armi;#Siria. #Assad è ancora il più forte: ha le armi e l'Esercito http://t.co/6ucq5pscV8
relazione;omosessualità;omosessuale;@BrunoVespa Sono eterosessuali ed ho deciso di diventare omosessuale per avere una relazione con te. Come se fa?
papa;religione;preghiera;PAPA Francesco: La preghiera fa miracoli, ma dobbiamo crederlo. Io penso che noi possiamo fare una bella... http://t.co/c2cwsSuBeJ
legge;stato ed istituzioni;berlusconi;@FinancialTimes apprezza l'accordo tra Renzi e Berlusconi sulla legge elettorale. Ma i media italiani non hanno dato rilievo alla notizia.
compagnia;società e beneficienza;lavoro;Ottima compagnia a lavoro! http://t.co/S66wPT6oGV
contro;società e beneficienza;società;Il problema della società non sono i gay, ma quelli che vanno contro i gay
papa;famiglia;mamma;@DianaMarrone90 @elenuccia71 Sono sulla soglia dei 37 e vivo da solo da quando ne avevo venti ... Pur avendo mamma papa e zii senza figli!
banca;stato ed istituzioni;europa;Ora @SBarbanti in dichiarazione di voto su scandaloso decreto #IMU - Banca d'Italia! stanno consegnando l'Italia all'Europa! #opencamera
lotta;generiche;impegno;Expo, Maroni: impegno massimo nella lotta contro la contraffazione alimentare http://t.co/MPio8CiDkO
presidente;prelati;francesco;Il presidente Hollande in Vaticano da Papa Francesco http://t.co/7y8AoH8XWM
cristiani;società e beneficienza;lavoro;RT @Pontifex_it: Se viviamo la fede nel quotidiano, anche il lavoro diventa occasione per trasmettere la gioia di essere cristiani.
papa;prelati;francesco;Come #Papa Francesco combatte crimini e corruzioni. Parla padre Luciano #Larivera. Su http://t.co/X8mV8Oc4Pq @AGisotti @carlomarroni
lotta;stato ed istituzioni;pd;"Lotta intestina nel PD. Si stanno scannando Renzi &amp; C. alla faccia dei problemi dell'Italia. #TUTTIACASA ! @beppe_grillo"
sangue;crimini e diritto;bombe;Kamikaze e bombe, sangue sul Cairo.
;;;
;;;Guarda la fotonotizia: http://t.co/EhXreL39GT
libro;media;tv;@amantilibri @raimondo_maria
;;;TV vs libro: ami davvero i #libri? Cosa ne fai dei libri? http://t.co/KrA3Nm0ddU
strada;società e beneficienza;amore;@EnricoCannas Esci e vai ad abbracciare laggente per strada! Diffondi l'amore!
miliardi;economia e mercati;banche;RT @ebbyit: 7,5 miliardi di soldi nostri,
;;;stanno per essere regalati alle banche.
;;;Ce n'era proprio bisogno...
;;;
;;;#lettamente
commercio;stato ed istituzioni;ministro;Mi sfugge il motivo x cui la #Bonino x i #Maro' abbia parlato con il ministro dell'Economia e Commercio e non con Interno e Giustizia #India
contro;società e beneficienza;amore;Amore e Possesso- cortometraggio contro la violenza sulle donne: http://t.co/jxL2DxXZJ7 via @youtube
legge;scienza ed etica;vita;@Filippo979 se ti legge @aucastellani ti sistema! #scuola #vita #futuro
repubblica;stato ed istituzioni;accordo;"La Repubblica: Saccomanni: ""Vicino accordo con la Svizzera"". Privatizzazioni in due anni, c'è anche l'Enav: I... http://t.co/hGpNStVmkK"
commissione;stato ed istituzioni;politica;"#ShotNews: Sicilia, Antonio Ingroia assume gli amici di Cuffaro. &amp;quot;Commissione indaga&amp;quot; #Sapevatelo #News #Politica"
occasione;generiche;iniziativa;Il Magazzino 18 sarà aperto e potrà essere visitato in occasione del Giorno del ricordo. L'iniziativa è dell'Irci... http://t.co/g6QqP0pVzq
giovani;minori;ragazzi;Oggi, nel 1984, dei giovani ragazzi californiani misero in vendita il primo #Macintosh e cambiarono il mondo! http://t.co/w7bHvfD3Ox
programma;stato ed istituzioni;italia;Hai in programma un viaggio? Calcola percorso e pedaggio per il tuo viaggio lungo la rete di Autostrade per l'Italia http://t.co/77BtueQDK0
papa;minori;ragazzi;RT @TweetComici: RAGAZZA: papà.. sono lesbica.
;;;SORELLA DELLA RAGAZZA: si... anche io.
;;;PAPA': c'è qualcuno a cui piacciono i ragazzi qui?
;;;FR
giovani;stato ed istituzioni;scuola;I Giovani ricordano la Shoah, premio alla scuola calabrese http://t.co/MMYH6g4pjG
fiducia;stato ed istituzioni;banca d'italia;RT @Mlucialorefice: Decreto Imu-Banca d'Italia. 45 giorni in Senato e alla Camera hanno messo la fiducia. Parlamento svuotato della funzion
anima;scienza ed etica;cura;"""Blagaj: una cura per l'anima. Custodisce un tekke del 1500 sospeso tra acqua e roccia. Energia"" http://t.co/VKqkWAslm3 #Bosnia"
cultura;crimini e diritto;articoli;\f1 \uc0\u9658 \f0 Articoli su lingua e cultura italiana: La direzione della Revista Italiano UERJ dell'Università di Rio de Ja... http://t.co/8DSqL9IO4z
guerra;stato ed istituzioni;italia;RT @SpiritoInquieto: Fuga dei Talenti dall'Italia o guerra globale per i Talenti? #BrainDrain #war4talents #festainquietudine http://t.co/2
guerra;stato ed istituzioni;grillo;L'origine del vaffanculo V all'inglese è nella guerra dei Cent'anni, 1415. E no, quindi non c'entra il V-Day di Beppe Grillo, scusate.
polizia;ambiente e animali;territorio;La Polizia di Stato sta setacciando il territorio andriese contro un clan malavitoso http://t.co/0WLEO4cYU8
sicurezza;stato ed istituzioni;usa;RT @Lantidiplomatic: Il resto del mondo si sta adeguando al vuoto politico e di sicurezza lasciato dagli #Usa http://t.co/2IBMkyITtU
repubblica;omosessualità;gay;Gay, gaffe su Twitter di Bruno Vespa - Spettacoli - Repubblica.it http://t.co/NkCCxvrtxf
limiti;economia e mercati;interesse;RT @prolocorbetello: Lo #scoglio dell'#Argentarola allarga i limiti del sito di interesse comunitario: http://t.co/A1ZvH143zK
banca;stato ed istituzioni;banca d'italia;@Mumon89 @ottonieri Hai letto il post di Otto sulla Banca d'Italia, pubblicato un'oretta fa? Denso e informato some sempre...
contro;media;stampa;RT @M5SROMAVI: Pd contro la libertà di stampa fa identificare i giornalisti / Politica - Nuovo Paese Sera http://t.co/caN4ELHbXf #vogliamov
spiritualità;media;libri;Fantascienza e spiritualità: la Trilogia del Vuoto di Peter F. Hamilton [parte 2] http://t.co/fhYNi5Kxp9
;;;#fantascienza #religione #libri
difficoltà;economia e mercati;lira;@AdviseOnly Peso Argentino, Lira Turca, Fiorino Ungherese mi sembrano un po' in difficoltà.....
natura;famiglia;madre;"RT @macklemoressong: ""@__Lovatossmile: 'un applauso a madre natura' pt.1"
;;;
;;;"Demi Lovato http://t.co/xRYp3Y4Fv0"""
preghiera;prelati;francesco;Papa Francesco invia con il tablet la sua preghiera sulla tomba del poverello http://t.co/uUKTBHBMGi
attacco;stato ed istituzioni;polizia;Egitto, attacco contro polizia e metrò http://t.co/mXg30SOrTy via @la_stampa
legge;economia e mercati;interessi;RT @claudiocerasa: Legge elettorale con Berlusconi e conflitto di interessi. Da vedere se le due cose possano coesistere insieme. Disciamo
programma;media;twitter;RT @LassaPerdere: Twitter ha portato a galla una marea di gente depressa e frustrata che CIAO MARIA LASCIO IL PROGRAMMA.
guerra;sport e giochi;calcio;Mi piacciono gli italiani: vanno alla guerra come fosse una partita di calcio e vanno a una partita di calcio come fosse la guerra Churchill
dio;scienza ed etica;vita;RT @sherlcockholmes: Ma poi lo guardano come se non avessero mai visto un film in vita loro, ma dio cane, ripijatevi.
esercito;stato ed istituzioni;politica;RT @tommasoscala52: In Italia esiste in esercito di oltre 1,3 milioni di persone che vivono direttamente, o indirettamente, di politica e t
paese;ambiente e animali;frana;Lavori alla frana di Casette, paese isolato per tre giorni http://t.co/ImZTPGBZSY #Massa
legge;stato ed istituzioni;berlusconi;#Politica - Legge Renzi-Berlusconi al via http://t.co/6BVUdXjZXj
droga;stato ed istituzioni;scuola;Droga, spaccio a scuola a Brescia: studenti arrestati http://t.co/45lcQxVZYZ
contro;società e beneficienza;minacce;Mafia: Pg Cassazione, fermezza contro minacce a pm http://t.co/S7qLWJq0Dr
differenza;stato ed istituzioni;repubblica;Corriere e Repubblica continuano a scrivere che il vicesindaco dell'Aquila, Riga, è stato arrestato. E' solo indagato, una bella differenza
dio;prelati;francesco;Papa Francesco: "Internet è un dono di Dio" Ah, sì? E allora perché devo pagare fastweb o Wind?
pubblico;media;tv;@PeoniaOriginal @Stefania_Reale credo che sia qualcosa tipo marcosalvati.tv poi c'è anche il profilo pubblico. Ma non ci sto capendo niente
unione;stato ed istituzioni;unione europea;10 grandi vantaggi dell'essere nell'Unione Europea http://t.co/gp59pGlet4 http://t.co/cEURsxItOl
contro;società e beneficienza;auto;INCIDENTE A CENTOCELLE, TRAM 5 CONTRO AUTO: LINEA INTERROTTA PER UN'ORA. Incidente vener... http://t.co/XZnKGPZrkA http://t.co/CoypHjRjzb
energia;media;libro;#Sostenibilità Ue presenta libro bianco Clima-Energia 2030: Il libro bianco Clima-Energia 2030 adottato dalla ... http://t.co/44AKEDJyOR
popolo;società e beneficienza;lotta;BLOGS DEL FATTO Cina: la lotta di Xu Zhiyong contro la corruzione di Stato: Il tribunale del popolo numero 1 s... http://t.co/BwqTOhw8DI
mercato;società e beneficienza;servizi;Orizzontenergia: News - Quanto si risparmia con i servizi accessori del mercato elettrico? http://t.co/ylAT1yFdeb via @sharethis
contro;stato ed istituzioni;maroni;Expo, Maroni: impegno massimo nella lotta contro la contraffazione alimentare http://t.co/hLu2sy4WQm
comunicazione;scienza ed etica;cura;La voglia:
;;;Cronache dal futuro, a cura del docente visionario Edoardo Fleischner (Comunicazione crossmediale ... http://t.co/Z9sf22AAws
politica;religione;san;#treviso Referendum sulla fusione: domenica Ormelle e San Polo decidono: I cittadini dei due Comuni,... http://t.co/6dcfxtDIbl #politica
lavoro;media;facebook;Ore 8, lezione di #Facebook. Nasce il #Social #media trainer | La Repubblica: http://t.co/8R4FBxn70e #lavoro #sm
libro;economia e mercati;euro;"""@Marta_Marzotto: Oggi ho visto un libro che si chiama ""Come vivere con 5 euro al giorno"". Costava 9 euro. #crepate hahahahah il #top"
centro;minori;giovani;RT @NucciaCifarelli: Domani ore 16 a #Cogoleto l'inaugurazione del centro giovani #Breek @claudioburlando @PippoRossetti #LorenaRambaudi
occasione;famiglia;matrimonio;Tosetti Sposa a Lugano Sposi 2014. Un'occasione speciale per giovani artisti emergenti. Nelle News di Matrimonio... http://t.co/eqC2V6gxPg
lavoro;società e beneficienza;rapporto;RT @carloalberto: Il disastro della legge Fornero nel rapporto del Ministero del Lavoro: crollano stabilizzazioni e trasformazioni, malissi
sociale;economia e mercati;economia;RT @SocialeER: Economia sociale non è Jobless, crea lavoro. Convegno economia sociale http://t.co/exqkPO5rIX
centro;società e beneficienza;cinema;@MichelaBoi a harry piace stare al centro dell attenzione,essere una popstar...che lo adora..gia al cinema quando ho letto queste frasi
tempo;media;libri;RT @diconodioggi: Trovare il tempo nei libri #FF.@ModusvivendiB @AdrianaFalsone @EDTlibri @FabioBussotti @mbeccarelli @PatriziaTenda @Contr
errore;stato ed istituzioni;pd;Notizie Ansa : Franceschini, errore reintrodurre preferenze Alfano: 'Servono, mi appello al Cav': Minoranza Pd... http://t.co/02CXLJTslh
successo;società e beneficienza;servizio;@essetefano mi spiace! Hai già spiegato cos'è successo al nostro Servizio Clienti? Basta cliccare qui http://t.co/XrlxAPLHaF ^TM
fiducia;stato ed istituzioni;italia;S h a m a N
;;;\f2 \uc0\u10032 \f0 \f2 \uc0\u10032 \f0 \f2 \uc0\u10032 \f0 \f2 \uc0\u10032 \f0 \f2 \uc0\u10032 \f0
;;;
;;;In aula per l'ennesimo voto di fiducia, questa volta sul decreto IMU-Banca d'Italia.... http://t.co/ICR5RyPyLo
controllo;società e beneficienza;moto;#INCIDENTE #GRA, PERDE IL CONTROLLO DELLA MOTO: MORTO 35ENNE. #TRAFFICO IN TILT #ROMA #NEWS #CRONACA http://t.co/krHL3t2O6H
questione;stato ed istituzioni;patria;:) @GiordanoSottosa, meno male. la questione dei marò dovrebbe essere prioritaria che non riguarda solo lo Stato, ma proprio la Patria!
ricchezza;società e beneficienza;sociale;Barbieri: se si vuole creare benessere, fiducia e ricchezza bisogna investire in #welfare. Convegno eco.sociale @RegioneER @FORUMTERZO
miliardi;generiche;fiducia;Il Governo ha posto la fiducia sul dl IMU-Bankitalia. Il M5S dice NO al regalo di 7,5 miliardi alle banche private!!! http://t.co/MsEDBDuln9
sangue;stato ed istituzioni;usa;"E c'è chi usa twitter come vetrina professionale senza rendersi conto che qui c'è gente che versa ""lacrime sudore e sangue""cit WC. Vita vera"
politica;stato ed istituzioni;repubblica;@noiconrenzi per la cronaca il #porcellum ha dato la più larga maggioranza politica della Storia della repubblica. Io mi informo
articolo;società e beneficienza;lavoro;LAVORO: 2mila assunzioni nei supermercati Esselunga. I DETTAGLI
;;;
;;;Leggi l'articolo: http://t.co/OSjLuM06ry
guerra;famiglia;figlio;@fouriousandfast il tweet successivo era x consigliare di ammazzare mio figlio x nn farlo votare. Da quel giorno e' guerra :-)
divorzio;stato ed istituzioni;lega;"RT @Bron_Mil: @TicinoLibero Sono gli UDC che stanno alzando il prezzo; il divorzio non conviene ne all'UDC ne alla Lega."
scuola;crimini e diritto;civile;RT @GGiornalisti: #Opencamera ministro #Carrozza: la sfida e di essere trasparenti ed aprire la scuola al dibattito civile. @MC_Carro @Mile
matrimonio;società e beneficienza;battaglia;Come si vince la battaglia per il matrimonio egualitario? http://t.co/VYtmQ7RaQW
fiducia;stato ed istituzioni;m5s;RT @emanuelapatti: Interviene Barbanti #M5S in merito alla fiducia. http://t.co/QdH2rGQ7Sj
polizia;ambiente e animali;piazza;@gianmicalessin Guarda caso chi fa sta roba https://t.co/l0m2eRhVaT non sono quelli in piazza ma la polizia stessa #Ucraina
strada;generiche;strumento;@silviagar_ @Bambiblu1310 Ci vuole coraggio ...ed amore per il prossimo a suonare uno strumento in strada, sapendo che pochi capiranno.
commissione;generiche;programma;RT @GiampaoloGalli: Eccolo il rapporto della Commissione. Naturalmente non dice quello che gli è stato attribuito nel programma #lagabbia
;;;h
servizio;crimini e diritto;pubblico;Di Battista: il M5S e il proporzionale | Servizio Pubblico http://t.co/xO1tW5bL3k
notizia;società e beneficienza;amore;"Seredova-Buffon:fine di un amore - ""notizia confermata che non può esser smentita""Eggià loro hanno la verità assoluta http://t.co/Tuvo7NSH4i"
relazione;crimini e diritto;cassazione;RT @antoniopolito1: Meditate gente, meditate - La relazione della Cassazione: l'indulto è l'unica http://t.co/AKz0z54T6s
ragazza;media;notizia;RT @perfbower: buona notizia: gli sono passata vicinissima per tre volte e ci siamo sfiorati.
;;;cattiva notizia: ho visto la sua ragazza, vad
effetto;famiglia;adottare;RT @cpetruccioli: Si possono adottare i collegi uninominali tipo senato e province della I° Repubblica L'effetto è lo stesso della lista bl
paese;economia e mercati;crisi;Italia paese di mammoni, ma è davvero tutta colpa della crisi? - FinanciaLounge http://t.co/zhh5MTY6Uy
sistema;media;instagram;RT @AliceAgnoletto: Instagram, vedi di trovare un sistema veloce per capire se una persona ti segue o meno perché io non posso diventare pa
casa;stato ed istituzioni;scuola;#rt seguimi e ti seguo perchè sto male e sono a casa da scuola
comunicazione;media;internet;Papa Francesco, internet, cultura, comunicazione | @LucaDeBiase @antoniospadaro http://t.co/ZlRV9xJUBO
cristiano;ambiente e animali;ponte;Papa: Umiliarsi, e sempre fare il ponte, sempre. Sempre. E questo è essere cristiano. Non è facile
territorio;generiche;opportunità;#VaExpo2015 con l'Irlanda 142 i paesi aderenti: nuove opportunità x #Varese e il suo territorio: i + vicini a Expo siamo noi! #closetoexpo
legge;stato ed istituzioni;berlusconi;RT @claudiocerasa: Legge elettorale con Berlusconi e conflitto di interessi. Da vedere se le due cose possano coesistere insieme. Disciamo
governo;religione;dio;In caso I #Maro vengano giustiziati (Dio non voglia) il governo intero dovrebbe dimettersi immediatamente! #italietta
repubblica;stato ed istituzioni;senato;RT @cpetruccioli: Si possono adottare i collegi uninominali tipo senato e province della I° Repubblica L'effetto è lo stesso della lista bl
vaticano;prelati;papa;Il Giornale - Il presidente Hollande in Vaticano da Papa Francesco http://t.co/gkfgahTPzS
questione;società e beneficienza;battaglia;RT @truzzu: @fabiorampelli ieri ha parlato alla camera sulla questione gas #Sardegna,non e' una battaglia solo per #SAR2014 e' una battagl
popolo;stato ed istituzioni;italia;In Italia c'è crisi infinita e lor signori parlano di legge elettorale. Ma chi se ne frega? Date da mangiare ai poveri, cioè, al popolo!
malattie;generiche;sistema;Le malattie hanno un odore specifico
;;;è una risposta del sistema immunitario ancora tutta da studiare http://t.co/hoHK3sGgVB
articolo;società e beneficienza;servizio;Trasporto scolastico a Casapulla, esteso il servizio fino al termine dell'anno #Caserta #Notizie
;;;
;;;Leggi l'articolo: http://t.co/6zKqzRqeke
programma;generiche;proposta;RT @golfo_paradiso: Recco: "Proposta, siano i cittadini a scrivere il programma elettorale" | @scoopit http://t.co/cBtuqoMzfE
contro;società e beneficienza;terroristi;Egitto, attacco contro polizia e metrò http://t.co/jjWsOVaO8k
;;;Terroristi vigliacchi sempre contro persone indifese
presidente;crimini e diritto;avvocato;Ricordando l'#Avvocato #Agnelli
;;;http://t.co/pPfquwEl74
;;;#Presidente #Juventus
strada;generiche;successo;"""Il fallimento è la prima strada per il successo"" cit."
contro;economia e mercati;banche;Microcredito contro usura e camorra per l'inclusione sociale. Incontro a Napoli con banche e fondazioni. http://t.co/tIY3ecQGSV
commissione;generiche;argomenti;Sostenibilità ambientale, energia, ricerca e nuove tecnologie: questi gli argomenti dell'incontro tra III commissione ed ENEA. #openprst
papa;scienza ed etica;aborto;RT @la_stampa: Dall' #aborto ai #gay il confronto "segreto" incontro tra #Hollande e il #Papa http://t.co/QYJPwRmBqH @MattioliAlberto
confronto;stato ed istituzioni;parlamento;Ho scritto Legge elettorale, confronto aperto in Parlamento. Si tratta su tutto tranne preferenze http://t.co/fS2EWjovts via @HuffPostItalia
vaticano;prelati;papa;Vaticano, Hollande ricevuto da Papa Francesco http://t.co/906MUBuSjd
giornata;economia e mercati;bisogno;ho bisogno di 1kg di coca per finire sta giornata....
popoli;società e beneficienza;terrorista;RT @Yi_Benevolence: Scalfarotto terrorista EU, disinformatore, affamatore di popoli, traditore del tuo paese, servo delle lobbies e dei pr
terrorismo;crimini e diritto;processi;Rischiano di andare perdute le carte dei grandi processi di terrorismo, mancano fondi e personale. Per preservare... http://t.co/LDNHiqkScc
santa;religione;san;Testa di San Giovanni Battista - Basilica di Santa Maria degli Angeli - Roma 22 / 01/2014 http://t.co/9aWUY2wSCq
bellezza;società e beneficienza;luce;La bellezza non è che il disvelamento di una tenebra cadente e della luce che ne è venuta fuori.
;;;Alda Merini http://t.co/ZRBb7ZjLBx
ministri;economia e mercati;finanza;Privatizzazione Poste: Codacons chiede paletti al Consiglio dei Ministri http://t.co/uckpzc1n7g #Finanza #Borsa
allerta;società e beneficienza;traffico;#Notizie \f1 \uc0\u9642 \f0 Maltempo, frana blocca il traffico per la Francia. Allerta meteo, in arrivo neve e pioggia: Nuova a... http://t.co/1mfhxt5h7N
repubblica;sport e giochi;tennis;La Repubblica: Tennis, Australian Open: Errani e Vinci ancora regine nel doppio: Le azzurre bissano il succes... http://t.co/e6toHpU2oa
campagna;stato ed istituzioni;pd;La mia campagna elettorale toccherà luoghi simbolo della #Campania: a #Napoli ho scelto il Museo Filangieri. #pd #pdcampania
rapporto;stato ed istituzioni;italia;Sul #NationBranding dell'Italia. Un tuttora utile Rapporto della Fondazione Altagamma @Altagamma_it http://t.co/SZu8LVuUhu
natura;generiche;mondo;Rafia, vimini e paglia: la moda si veste di natura: Come ci è capitato di dire più volte, il mondo della moda ... http://t.co/seEpjOn62V
dittatura;generiche;piano;@marioadinolfi Ma sta zitto no!! Cosa racconti il mio piano segreto per la dittatura renziana in Italia?! #eccheccazzo #lariachetira
campagna;ambiente e animali;pianeta;Al Teatro "Il Ducale" c'è Pino Campagna con "Si è rotta la pleistescion" | Pianeta Lecce Magazine http://t.co/Sok7r3p1x8
contro;crimini e diritto;usura;Microcredito contro usura e camorra per l'inclusione sociale. Incontro a Napoli con banche e fondazioni. http://t.co/tIY3ecQGSV
presidente;stato ed istituzioni;regione;"""@Radio24_news Regione #Abruzzo. Indagati il presidente Chiodi e altri 23, fra consiglieri ed assessori http://t.co/pQrmLnQcIr """
;;;SCHIFEZZE
governo;stato ed istituzioni;ministro;[Fab]
;;;
;;;"la PiDdina interroga il Governo sulla discarica....il Ministro le risponde di ""non rompere le... http://t.co/S5yyfsTHZX"
papa;generiche;ricordo;Il Papa a mamma Claps: ricordo Elisa nelle preghiere.
;;;E riesci a prendere sonno?
;;;#defollowatemi pure che non è aria oggi
società;società e beneficienza;eventi;"#forlì #teatro #cultura #famiglie #spettacoli #eventi #società Al Teatro Il Piccolo arriva ""Il libro della giungla"" http://t.co/SBwVbmYxnh"
ministero;ambiente e animali;agricoltura;L'UCRAINA BRUCIA, ANCORA SCONTRI IN PIAZZA. OCCUPATO IL MINISTERO DELL'AGRICOLTURA: KIEV - Brucia ancora la pr... http://t.co/1MyA4IiR2C
contro;economia e mercati;banca;Alla manifestazione contro la privatizzazione della Banca d Italia. Contro il silenzio e i poteri forti. #senzapaura. #fratelliditalia
lavoro;società e beneficienza;gas;RT @offertelavoro: Offerta di lavoro: RICERCA AGENTI ENERGIA ELETTRICA E GAS: Parma - Primaria società nel mercato libero dell'en... http:/
territorio;stato ed istituzioni;europa;RT @Jacopomus: Dopo tre settimane il Barometro del rischio @AdviseOnly torna in territorio negativo in #Europa. http://t.co/QhvgDg4tZQ
articolo;scienza ed etica;vita;Bellissimo articolo di #Efficacemente. Dedicato ai procrastinatori... Tempo scaduto | EfficaceMente http://t.co/IJuSR3lpnZ #vita
giornata;crimini e diritto;abusi;@PLRomaCapitale @raffaeleclement intervento molto tardivo e superficiale. Sono molto deluso:anche oggi sarà una giornata d'abusi.
polizia;crimini e diritto;bombe;Tre bombe al Cairo: 5 morti| Video Gli attentati contro polizia e metrò http://t.co/mYqx1LcOw4 http://t.co/9OvSThc8Ut
dialogo;prelati;francesco;RT @newsva_it: Papa Francesco: con gli altri costruire sempre ponti di dialogo non muri di risentimento... - http://t.co/FjOtr3b2ro
successo;stato ed istituzioni;m5s;RT @BeppeGrilloNews: Vi ricordate il lobbista beccato dal M5S alla Camera?
;;;Ecco cosa è successo: http...: Vi ricordate il lobbista ... http
animali;scienza ed etica;morte;Orrore in Oklahoma, pena di morte eseguita con anestetici per animali http://t.co/6kkCtuoLwB via @sharethis Chi sono i veri animali?
tempo;scienza ed etica;vita;Bellissimo articolo di #Efficacemente. Dedicato ai procrastinatori... Tempo scaduto | EfficaceMente http://t.co/IJuSR3lpnZ #vita
natura;società e beneficienza;spettacolo;Lo spettacolo della natura include nel biglietto capelli puzzolenti, unghia di alluce nera per pestone di toro, barzellette di pastori.
scuola;società e beneficienza;eventi;#Forlì #cultura #teatro #scuoladellospettatore #eventi #società Doppio appuntamento con la "Scuola dello Spettatore" http://t.co/8z8RkWQcXt
pubblico;ambiente e animali;territorio;Ordine pubblico e controlli del territorio,D'Anna: 'Aumentare il personale del Commissariato di Fano': Giancar... http://t.co/xFeZbNhrUX
luoghi;stato ed istituzioni;pd;La mia campagna elettorale toccherà luoghi simbolo della #Campania: a #Napoli ho scelto il Museo Filangieri. #pd #pdcampania
sociale;generiche;sistema;Un sistema di protezione sociale per i lavoratori autonomi e accordi sindacali per combattere la precarietà. http://t.co/y31hPXOPNN
piazza;società e beneficienza;popolo;RT @VendoBiberoni: Anche @VendoBiberoni al raduno delle Beliebers a Piazza del Popolo a Roma. Granata ora! http://t.co/Gsohuu0YGo
governo;ambiente e animali;agricoltura;A Kiev continua la protesta pro Ue contro il governo: occupato ministero Agricoltura http://t.co/qrcKTvuzKZ #Terra_Ferma_consiglia
contro;minori;ragazzo;Non andate contro Justin. È un ragazzo debole che ha bisogno di aiuto. Perché volete distruggerlo del tutto?
giovani;media;tv;Anche Libero pubblica il video di Noiroma.tv sui saluti romani dei giovani del Nuovo Centrodestra http://t.co/XtA3o669WM ! soddisfazioni
problemi;stato ed istituzioni;europa;RT @YouDem: #Mediterraneo e #migrazioni @robersperanza i problemi che riguardano la nostra area riguardano tutta l'Europa / #live http://t.
libertà;media;stampa;RT @M5SROMAVI: Pd contro la libertà di stampa fa identificare i giornalisti / Politica - Nuovo Paese Sera http://t.co/caN4ELHbXf #vogliamov
notizia;economia e mercati;euro;La #Fortuna bacia la #Sicilia Due vincite da 500 mila #euro
;;;"LEGGI LA NOTIZIA---&gt; http://t.co/FVwXVkhMen &lt;--- LEGGI LA NOTIZIA"
frana;religione;san;San Liberato: una frana si abbatte a pochi metri dalle case, i detriti finiscono anche sul Rato, nessun ferito... http://t.co/wkDQkQnuA5
contro;sport e giochi;calcio;CALCIO, TARANTO - La Fondazione contro il divieto. La Vibrotek allo Iacovone http://t.co/zF1jm3azMS
papa;generiche;ricordo;Il Papa chiama madre di Elisa Claps "prego e ricordo": POTENZA - Il cellulare che si illumina, dall'altra part... http://t.co/2dZQQ6eLWj
governo;stato ed istituzioni;letta;RT @andreasarubbi: Barbanti #M5S parla di governo Letta-Renzi, sfotte @angealfa su #Imu e chiede perché non abbiano tassato slot. #opencame
tempo;crimini e diritto;giustizia;RT @Mr_Airforce: Ieri tre grandi eliminazioni che aspettavo da tempo @MasterChef_it giustizia è stata fatta #MasterChefIt
macchina;economia e mercati;mutuo;"Oggi partono""privatizzazioni"".Ricavi in CDP,nn a diminuire il debito.Come se col mutuo vendessi la macchina x andar a ristorante!"
speranza;religione;spirito;'c8 il secondo set è di #Nadal !!!Tuttavia..Con avversario come #Federer non si sa mai. Ci sono la speranza e lo spirito giusto di #Rafa però!
papa;famiglia;nozze;[ita] Hollande dal Papa, 35 minuti di colloquio: Visita presidente francese dopo 'si' nozze gay e aborto facile http://t.co/FcF76AGbHD
commissione;crimini e diritto;giustizia;"RT @paolo1976: Rc Auto, Commissione giustizia fa a pezzi la riforma: ""Sembra scritta da Unipol"" - Il Fatto Quotidiano ... http://t.co/01nWx"
corpo;società e beneficienza;prodotti;Nuovi Prodotti per la #Cura del #Corpo su http://t.co/drBTrx6671 by Divina Cosmetic http://t.co/8CPUcctQwn
mercato;ambiente e animali;terra;"Mercato della Terra e del Mare Procchio edizione Speciale &amp;quot;Buon Anno&amp;quot; - Elbareport - Elba http://t.co/jakuN83nBQ via @Elbareport"
legge;sport e giochi;scommesse;@MissTolchi ah senza dubbio e tra un po' arriva anche a te se becchi una coda di paglia che ti legge!
;;;Si dia il via alle scommesse.
governo;stato ed istituzioni;letta;Il governo #Letta ne ha combinata un'altra: Tasi e Imu, la spuntano i Comuni: Governo pronto a rimborsare un miliardo http://t.co/XWwFALXAd6
casa;ambiente e animali;neve;"SCONTI &amp; OFFERTE: SPESE DI SPEDIZIONE DIMEZZATE SU NEVE COSMETICS Novità in casa Neve! La nota azienda bio, che ... http://t.co/XH7htItQ1t"
dialogo;società e beneficienza;film;@VaultProject il film ha dialogo padre/figlie:
;;;- vedete perche avrei voluto un maschio?
;;;- beh con lei quasi sei riuscito
;;;
;;;risate
;;;@LauryeMal
politica;stato ed istituzioni;italia;"@leonardoimpegno (PD):""Emendamento su #RcAuto, dopo 5 anni senza incidenti, tariffa unica in tutta Italia"" http://t.co/HHnyQRMF35 #politica"
comunicazione;società e beneficienza;lavoro;Offerte di lavoro da Meroni Comunicare http://t.co/cThORmimDY #Lavoro #lavoro #comunicazione #programmatore
ragazzo;minori;ragazzi;RT @favlou: Quante ragazze ci sono si Twitter?e quanti ragazzi?
;;;Rt se sei una ragazza
;;;Preferiti se sei un ragazzo
;;;Lol voglio fare questo t
tempo;società e beneficienza;amicizia;#FF @lucensis....che da un po' di tempo se ne sta zitto zitto...tanto l'amicizia non ha bisogno di chiacchiere!
papa;prelati;francesco;Papa Francesco, internet, cultura, comunicazione | @LucaDeBiase @antoniospadaro http://t.co/ZlRV9xJUBO
elezioni;stato ed istituzioni;pd;Elezioni Pietra, Carmo Unito attacca: "Chiuse le trattative col Pd ... - Il Vostro Giornale: Il Vostro Giornal... http://t.co/6wqgjTUTFL
attacco;stato ed istituzioni;polizia;#Egitto, attacco alla sede della polizia http://t.co/fRdS8CQEEl via @la_stampa
banche;economia e mercati;crescita;"#graficoBloomberg che raffigura tasso di crescita dei depositi in #banche. Continua corsa agli sportelli a #Cipro=&gt; http://t.co/yyCXih6h7M"
politica;stato ed istituzioni;italia;RT @tommasoscala52: In Italia esiste in esercito di oltre 1,3 milioni di persone che vivono direttamente, o indirettamente, di politica e t
scuola;famiglia;genitori;Fuga definitiva dalla scuola superiore: libera scelta della ragazza, nessuna colpa dei genitori http://t.co/Y0uUfKAEJ5
mese;stato ed istituzioni;ministro;.@esperya63 aspettiamo con ansia che il ministro @ckyenge ci dia dati. Ho un'intervista in ballo da un mese e mezzo, ormai non ci credo più
ragazza;media;twitter;C'è una ragazza troppo simpatica qui su twitter,ma ho vergogna di parlare con lei. \f3 \uc0\u9786 \f0
